{"name":"2a7ca6ab-2cf1-41fa-9a0d-200d4e0a5367","id":"/providers/Microsoft.Flow/flows/2a7ca6ab-2cf1-41fa-9a0d-200d4e0a5367","type":"Microsoft.Flow/flows","properties":{"apiId":"/providers/Microsoft.PowerApps/apis/shared_logicflows","displayName":"BuildDifferentFlow","definition":{"metadata":{"workflowEntityId":null,"creator":{"id":"31e42a3d-4552-45df-8b71-a2f8ebbff2dd","type":"User","tenantId":"a1a7018a-c211-499b-896b-c513fdf7cf32"},"provisioningMethod":"FromDefinition","failureAlertSubscription":true,"clientLastModifiedTime":"2019-11-18T20:26:44.0231693Z"},"$schema":"https://schema.management.azure.com/providers/Microsoft.Logic/schemas/2016-06-01/workflowdefinition.json#","contentVersion":"1.0.0.0","parameters":{"$authentication":{"defaultValue":{},"type":"SecureObject"}},"triggers":{"manual":{"type":"Request","kind":"Button","inputs":{"schema":{"type":"object","properties":{},"required":[]}}}},"actions":{"Init_Array":{"runAfter":{"Initialize_variable":["Succeeded"]},"type":"InitializeVariable","inputs":{"variables":[{"name":"ArrayObject","type":"Array","value":"@createArray('seed', 'exile', 'shock', 'vein', 'fur', 'colony', 'wound', 'trap', 'ditch', 'television', 'threat', 'jurisdiction', 'waiter', 'secular', 'vision', 'cup', 'brave', 'lung', 'agriculture', 'adopt', 'nest', 'tempt', 'mood', 'qualified', 'stock', 'peace', 'cutting', 'proportion', 'option', 'drawer', 'marine', 'urine', 'minor', 'crowd', 'subject', 'recording', 'lie', 'manager', 'match', 'pill', 'drop', 'presidential', 'advantage', 'superior', 'modest', 'monster', 'cash', 'edition', 'craftsman', 'freedom', 'room', 'speaker', 'teach', 'side', 'peasant', 'occasion', 'judge', 'easy', 'ball', 'swipe', 'paragraph', 'find', 'march', 'smash', 'reception', 'soldier', 'soup', 'prediction', 'slab', 'cucumber', 'assessment', 'sweat', 'dinner', 'sensation', 'column', 'background', 'incentive', 'basket', 'agency', 'minimum', 'railroad', 'amber', 'low', 'neglect', 'notorious', 'information', 'umbrella', 'buttocks', 'platform', 'marathon', 'opposite', 'domination', 'harmful', 'movement', 'exact', 'index', 'cousin', 'childish', 'sentence', 'domestic', 'fun', 'law', 'bitter', 'park', 'first-hand', 'bald', 'fragrant', 'science', 'retiree', 'dull', 'lover', 'nuclear', 'philosophy', 'motif', 'welcome', 'hour', 'strange', 'refuse', 'transform', 'merit', 'robot', 'solution', 'poetry', 'insight', 'price', 'subway', 'pitch', 'concern', 'arch', 'person', 'prevent', 'legislation', 'replacement', 'vegetation', 'copy', 'parachute', 'acute', 'timber', 'extort', 'common', 'calf', 'pin', 'paradox', 'deviation', 'aisle', 'help', 'disk', 'turn', 'cook', 'express')"}]}},"Apply_to_each":{"foreach":"@variables('ArrayObject')","actions":{"Condition":{"actions":{"Set_Result_to_Current_Item":{"runAfter":{},"type":"SetVariable","inputs":{"name":"Result","value":"@{items('Apply_to_each')}"}},"Check_the_variable_again":{"runAfter":{"Set_Result_to_Current_Item":["Succeeded"]},"type":"Compose","inputs":"@variables('Result')"}},"runAfter":{},"expression":{"contains":["@variables('Sentence')","@items('Apply_to_each')"]},"type":"If"}},"runAfter":{"Init_Result":["Succeeded"]},"type":"Foreach","runtimeConfiguration":{"concurrency":{"repetitions":25}}},"Initialize_variable":{"runAfter":{},"type":"InitializeVariable","inputs":{"variables":[{"name":"Sentence","type":"String","value":"The Quick Brown Fox at the reception Jumps Over The Lazy robot to transform the acute nest to the childish waiter"}]}},"Init_SentenceArray":{"runAfter":{"Compose":["Succeeded"]},"type":"InitializeVariable","inputs":{"variables":[{"name":"SentenceArray","type":"Array","value":"@split(variables('Sentence'), ' ')"}]}},"Init_IntersectArray":{"runAfter":{"Init_SentenceArray":["Succeeded"]},"type":"InitializeVariable","inputs":{"variables":[{"name":"IntersectArray","type":"Array","value":"@intersection(variables('ArrayObject'), variables('SentenceArray'))"}]}},"Loop_IntersectArray":{"foreach":"@variables('IntersectArray')","actions":{"Condition_2":{"actions":{},"runAfter":{},"expression":{"equals":["","@true"]},"type":"If"}},"runAfter":{"Init_IntersectArray":["Succeeded"]},"type":"Foreach","runtimeConfiguration":{"concurrency":{"repetitions":20}}},"Init_Result":{"runAfter":{"Set_variable":["Succeeded"]},"type":"InitializeVariable","inputs":{"variables":[{"name":"Result","type":"String"}]}},"Compose":{"runAfter":{"Apply_to_each":["Succeeded"]},"type":"Compose","inputs":"@variables('Result')"},"Set_variable":{"runAfter":{"Init_Array":["Succeeded"]},"type":"SetVariable","inputs":{"name":"Sentence","value":"@{join(variables('ArrayObject'), ' ')}"}}}},"connectionReferences":{},"flowFailureAlertSubscribed":false}}